geoid,num_lines,bstp_has_bkrs,shelter,bstp_bnh_cnt,school_stop,bstp_geo_id,st_abbrev,pm25,aadt,transit_comm,walk_comm,time_comm,car_alone_comm,carpool_comm,total_bike_lanes,bikelane_protected,bikelane_dual_protected,shared_mobility,taxi_capacity,limo_capacity,restrict1,restrict2,local_deliv,density_score,four_way_intersection_ratio,sidewalk_score,pfi_score,name,poverty_est,race_white,race_black_aa,race_asian,race_hispanic,utc_pct
11001000101,0,0,0,0.5555555555555556,0,9,DC,8.64571342465753,6853.571552695151,87,139,19,290,51,1,0,0,0,0,0,1,1,1,0.7876530984615384,0.5177935723076923,0.07229265230769231,1.059875223076923,0,0,0,0,0,0,36.146
11001000102,0,0,0,0.9230769230769231,0,26,DC,8.64571342465753,8597.866586342987,168,311,25.4,641,18,11,0,0.375,6,15,2,5,5,5,1.008689831772152,0.449372025443038,0.06170303392405063,1.218345531392405,0,0,0,0,0,0,34.564492753623185
11001000201,0,0,0.2,0.4,0,5,DC,8.64910383561644,2880.9848095534817,57,743,13.6,77,106,0,0,0,44,0,0,0,0,0,0.46808361400000004,0.39928631800000003,0.041924866,0.737589652,"Census Tract 2.01, District of Columbia, District of Columbia",0,2659,294,506,11.8,24.61
11001000202,0,0,0.0476190476190476,1,0,21,DC,8.64748767123288,8441.83491655393,298,841,22.7,678,71,50,0,0.15,5,0,0,18,18,18,0.8230040579411765,0.4078331927941176,0.0581072044117647,1.1518442248529412,"Census Tract 2.02, District of Columbia, District of Columbia",0,3680,327,226,8.1,34.26870967741935
11001000300,0,0,0.047619047619047596,0.8571428571428571,0,21,DC,8.65779698630137,2673.9223708347818,376,470,28,1445,269,0,0,0,1,0,0,1,1,1,0.4914958425,0.34911241854166664,0.06253186291666667,0.847076229375,"Census Tract 3, District of Columbia, District of Columbia",2.6,5230,467,513,4.6,39.96738095238095
11001000400,0,0.0909090909090909,0.2727272727272727,0.8636363636363636,0,22,DC,8.66412246575342,3527.1503146336963,42,51,23,331,33,10,0,0,3,0,0,29,29,29,0.48488491865384614,0.16954985903846154,0.06126064596153846,0.7141096978846154,"Census Tract 4, District of Columbia, District of Columbia",8.6,1202,62,146,17.7,52.934444444444445
11001000501,1,0.0909090909090909,0.45454545454545453,0.8181818181818182,0,11,DC,8.66756575342466,7742.260681611807,932,198,28,620,23,13,0,0,1,10,0,2,2,2,0.6208753844827586,0.12799395862068966,0.03607271310344828,0.5698807444827586,"Census Tract 5.01, District of Columbia, District of Columbia",5,3073,176,128,14.1,49.38578947368421
11001000502,0,0.0909090909090909,0.0909090909090909,0.7272727272727273,0,11,DC,8.66734931506849,2976.8992529887264,667,122,26.5,576,23,7,0,0,0,0,0,19,19,19,0.43098437954545454,0.21462260954545453,0.07106916545454546,0.7115752563636364,"Census Tract 5.02, District of Columbia, District of Columbia",0,2855,120,128,14.9,48.50473684210526
11001000600,0,0,0.19230769230769232,0.8846153846153846,0,26,DC,8.6734295890411,3818.3514341461937,787,79,28,835,191,8,0,0,0,0,0,15,15,15,0.49418522,0.26961200195652174,0.07342953282608695,0.8026809639130434,"Census Tract 6, District of Columbia, District of Columbia",1.8,4086,386,288,15.5,52.42886363636364
11001000702,0,0.125,0.375,0.75,0,8,DC,8.65843808219178,3935.5196679804603,654,332,26.1,734,96,8,0,0,0,0,0,0,0,0,0.5224335221428571,0.3873449135714286,0.06475617714285714,0.8801140171428572,"Census Tract 7.02, District of Columbia, District of Columbia",0,2556,189,319,11,43.596363636363634
11001000703,0,0,0.2857142857142857,0.7142857142857143,0,7,DC,8.67457369863014,3451.4196322360776,402,209,28.7,760,81,3,0,0,0,0,0,1,1,1,0.49649641125,0.3326302425,0.060842126249999996,0.78517733875,0,0,0,0,0,0,45.572500000000005
11001000704,0,0.14285714285714288,0.7142857142857143,0.8571428571428571,0,7,DC,8.67457369863014,6326.299180748139,397,90,31,631,84,0,0,0,0,0,0,0,0,0,0.5795729694444445,0.35311957666666666,0.07454729611111112,0.9155205022222223,0,0,0,0,0,0,44.1715
11001000802,0,0,0.1,0.8,0,20,DC,8.65505589041096,3457.6498021682714,259,120,22.5,804,80,0,0,0,0,0,0,0,0,0,0.32455216585365854,0.08371687609756097,0.053123429268292686,0.46305952390243904,"Census Tract 8.02, District of Columbia, District of Columbia",3,2682,267,343,16.2,53.00484848484849
11001000803,0,0,0.14285714285714288,0.8571428571428571,0,7,DC,8.67014876712329,2574.7492672097933,82,54,29.5,565,121,13,0,0,0,0,0,0,0,0,0.35733741333333335,0.23283358333333334,0.06353596,0.5978278433333333,0,0,0,0,0,0,47.04
11001000804,0,0,0.2666666666666667,0.8666666666666667,0,15,DC,8.67014876712329,3348.3665167031545,67,176,24.5,679,183,6,0,0,1,0,0,0,0,0,0.40897137032786884,0.2542947855737705,0.04280519131147541,0.5525822314754099,0,0,0,0,0,0,61.66851851851852
11001000902,0,0,0.0588235294117647,1,0,17,DC,8.66627424657534,5847.934221497064,35,44,23.9,470,26,0,0,0,0,0,0,0,0,0,0.3797299974,0.13978456179999998,0.0266837818,0.451304041,"Census Tract 9.02, District of Columbia, District of Columbia",1.7,2358,51,52,12.8,59.185
11001000903,0,0,0.23076923076923075,1,0,13,DC,8.67806410958904,4798.644181057728,191,328,24.1,305,77,2,0,0,0,0,0,0,0,0,0.4021551403333333,0.258474716,0.04919935266666667,0.6526883096666667,0,0,0,0,0,0,57.82875
11001000904,0,0,0.0588235294117647,0.8823529411764706,0,17,DC,8.67806410958904,3775.774139902295,86,18,25.3,624,74,0,0,0,0,0,0,0,0,0,0.3907987358695652,0.18505096195652174,0.041172273260869564,0.5935502145652174,0,0,0,0,0,0,62.16473684210526
11001001002,0,0.07692307692307693,0.23076923076923075,0.6923076923076923,0,13,DC,8.67226520547945,5186.98752446515,473,93,29.9,1002,13,1,0,0,0,0,0,3,3,3,0.368123117368421,0.2901098952631579,0.06733555631578947,0.6772250268421053,"Census Tract 10.02, District of Columbia, District of Columbia",0,2722,154,317,14.6,33.30866666666667
11001001003,0,0,0.125,1,0,8,DC,8.67850821917808,4629.6595006699135,310,60,30.1,751,105,0,0,0,0,0,0,31,31,31,0.5650133021428572,0.44195109678571426,0.05619255964285714,0.9301878873214285,0,0,0,0,0,0,57.84490909090909
11001001004,0,0.1,0.25,0.65,0,20,DC,8.67850821917808,4235.63597885901,741,178,29.6,426,53,12,0,0.25,2,0,0,29,29,29,0.6438817884210526,0.335529852631579,0.06652354394736842,1.0080382023684211,0,0,0,0,0,0,45.22361111111111
11001001100,2,0.05263157894736845,0.2894736842105263,0.8157894736842105,0,38,DC,8.67824164383562,4141.5765799227565,779,163,27.2,688,192,9,0,0,1,0,0,30,30,30,0.6923633211702128,0.23178846670212766,0.06964208659574468,1.0218305120212765,"Census Tract 11, District of Columbia, District of Columbia",0.5,4111,391,217,9.2,47.325227272727275
11001001200,0,0.12,0.36,0.8,0,25,DC,8.67382849315069,3965.421138376929,931,156,28.9,1049,59,33,0.08695652173913047,0,1,0,0,46,46,46,0.6749208149230769,0.27978806184615385,0.0683834536923077,1.0179881856923076,"Census Tract 12, District of Columbia, District of Columbia",0,4108,290,373,8.7,50.394999999999996
11001001301,0,0.2857142857142857,0.2857142857142857,0.7142857142857143,0,6,DC,8.67438821917808,3337.636353399936,783,152,29.1,783,79,0,0,0,1,0,0,8,8,8,0.3658880231111111,0.23944795333333335,0.03534910555555556,0.36500955822222225,"Census Tract 13.01, District of Columbia, District of Columbia",2.7,3299,457,366,9.6,63.7425641025641
11001001303,1,0,1,1,0,3,DC,8.67471780821918,4597.815522778492,1257,69,29.3,338,0,26,0,0,0,0,0,0,0,0,0.33393833285714286,0.0916076157142857,0.03049703142857143,0.23666963928571427,0,0,0,0,0,0,58.38083333333333
11001001304,1,0,0.3076923076923077,0.6923076923076923,0,13,DC,8.67471780821918,3051.3803182075794,1273,107,30.6,622,0,13,0.5,0,0,0,0,0,0,0,0.389208985,0.0763764775,0.039150361875,0.255796479375,0,0,0,0,0,0,54.47666666666667
11001001401,0,0,0,0.8947368421052632,0,19,DC,8.68461726027397,5345.982976677,472,50,35,730,49,0,0,0,0,0,0,9,9,9,0.5461840309756097,0.34849656463414636,0.07296044975609757,0.8807166726829267,"Census Tract 14.01, District of Columbia, District of Columbia",1.2,2605,300,268,9.6,56.18972222222222
11001001402,0,0,0.125,0.9166666666666666,0,24,DC,8.68183287671233,4190.4279798878015,392,34,27.9,730,86,0,0,0,0,0,0,6,6,6,0.606965818,0.20170772742857143,0.06095493457142857,0.8779504871428572,"Census Tract 14.02, District of Columbia, District of Columbia",0,2584,332,181,17.7,57.568108108108106
11001001500,0,0.022222222222222233,0.022222222222222216,0.3555555555555555,0,45,DC,8.67379780821918,2886.5108400012655,286,27,33.2,1513,283,0,0,0,0,0,0,30,30,30,0.3748522684782609,0.22250416456521738,0.037297751847826084,0.5540079584782608,"Census Tract 15, District of Columbia, District of Columbia",2.1,5339,454,88,7.6,61.250625
11001001600,0,0,0.08108108108108107,0.918918918918919,0,37,DC,8.65691090410959,3596.3288465721316,257,28,34.6,1183,148,0,0,0,0,0,0,26,26,26,0.44765065555555555,0.25027912877777775,0.05445435588888889,0.703789526,"Census Tract 16, District of Columbia, District of Columbia",2.2,1389,3071,62,6.9,49.974782608695655
11001001702,1,0.047619047619047596,0,0.7619047619047619,0,21,DC,8.63793068493151,4137.367407676701,624,62,35.2,693,110,8,0.14285714285714288,0,1,0,0,6,6,6,0.6383850718867925,0.2384399049056604,0.06821039754716982,0.998709959245283,"Census Tract 17.02, District of Columbia, District of Columbia",1.7,1415,1445,41,13.6,36.66607843137255
11001001803,0,0,0.23529411764705882,0.9411764705882353,0,17,DC,8.66383726027397,4758.713430508181,824,53,34.7,693,116,42,0,0,0,0,0,1,1,1,0.3898759804347826,0.1652338008695652,0.048257330434782614,0.3528843182608696,"Census Tract 18.03, District of Columbia, District of Columbia",26.2,447,2650,17,29.7,44.196
11001001804,0,0,0.07692307692307694,0.8461538461538461,0,13,DC,8.65844328767123,5441.705915892486,560,37,39.2,1003,148,19,0,0,3,0,0,2,2,2,0.5063045042424242,0.2284845096969697,0.07015502757575758,0.7886402093939394,"Census Tract 18.04, District of Columbia, District of Columbia",21.6,559,3834,125,29.1,28.118214285714288
11001001901,0,0.0909090909090909,0.2727272727272727,0.9090909090909091,0,11,DC,8.6469805479452,3443.7201098274354,791,47,33.8,684,289,8,0,0,0,0,0,16,16,16,0.7509949134545455,0.3600559869090909,0.07508281490909091,1.158847740909091,"Census Tract 19.01, District of Columbia, District of Columbia",9.1,864,2626,208,11.6,25.93
11001001902,0,0.1111111111111111,0,0.8888888888888888,0,9,DC,8.64542465753425,2953.988371657582,212,28,33.7,474,54,18,0,0,0,0,0,12,12,12,0.593984152,0.201956011,0.0739123155,0.95948156,"Census Tract 19.02, District of Columbia, District of Columbia",6.2,519,1724,15,18.1,31.94815789473684
11001002001,0,0,0.11111111111111108,0.8333333333333333,0,18,DC,8.66005890410959,5530.894021760442,624,8,33.7,671,38,14,0,0,1,0,0,0,0,0,0.504722264,0.1486343544,0.0536730432,0.4595329716,"Census Tract 20.01, District of Columbia, District of Columbia",5.5,835,1396,77,28.9,37.94833333333333
11001002002,0,0.08695652173913045,0.21739130434782608,0.8260869565217391,0,23,DC,8.65976520547945,5361.025776180439,428,126,34.5,789,160,27,0,0,0,0,0,4,4,4,0.7253723070212765,0.17695086,0.07156920914893618,1.040954364680851,"Census Tract 20.02, District of Columbia, District of Columbia",8,1107,2326,66,21.3,33.0875
11001002101,0,0.05882352941176469,0.3529411764705882,0.9411764705882353,0,17,DC,8.65972657534247,3575.6626346874423,860,24,38.3,1609,137,0,0,0,0,0,0,0,0,0,0.7722804012820513,0.3565908323076923,0.07363263743589744,1.177862142820513,"Census Tract 21.01, District of Columbia, District of Columbia",10.9,457,3366,178,19.7,26.274736842105263
11001002102,0,0.052631578947368425,0.05263157894736844,0.8421052631578947,0,19,DC,8.64905616438356,5742.028773204652,519,58,38.1,1226,252,36,0,0,2,0,0,3,3,3,0.943609873220339,0.18472443050847456,0.07426620457627119,1.3202707750847458,"Census Tract 21.02, District of Columbia, District of Columbia",13.3,673,3795,38,15.3,25.886111111111113
11001002201,0,0,0.2222222222222222,1,0,9,DC,8.66164109589041,4698.937601248707,233,11,33.4,610,223,26,0,0,0,0,0,0,0,0,1.0088134722222222,0.42022874833333335,0.0772,1.4425375616666667,"Census Tract 22.01, District of Columbia, District of Columbia",1.3,630,1982,66,11.2,30.562121212121212
11001002202,0,0,0.125,1,0,8,DC,8.65667589041096,4811.146577613299,562,9,33.4,889,51,10,0,0,0,0,0,0,0,0,0.7535187611538462,0.2731143076923077,0.0759224026923077,1.1505348442307692,"Census Tract 22.02, District of Columbia, District of Columbia",12.1,350,2111,63,25.7,26.105833333333333
11001002301,0,0,0,0.9411764705882353,0,17,DC,8.65630739726027,3578.7516702485327,492,10,34.7,641,88,50,0.030303030303030325,0,1,0,0,0,0,0,0.7648895494594594,0.20049851648648648,0.07622094837837838,1.165476871891892,"Census Tract 23.01, District of Columbia, District of Columbia",4.2,955,1965,78,17,32.1296875
11001002302,0,0.07692307692307694,0.07692307692307693,0.6923076923076923,0,13,DC,8.65347479452055,4003.338782123059,221,24,27.6,297,43,30,0.2105263157894737,0.5789473684210527,0,0,0,0,0,0,0.3504778896551724,0.06235090310344828,0.044705252068965515,0.44848746,"Census Tract 23.02, District of Columbia, District of Columbia",11.5,700,764,67,4.3,24.81222222222222
11001002400,2,0,0.2,0.96,0,25,DC,8.6573898630137,5079.1162472538645,844,70,33.6,640,224,66,0.39999999999999997,0,2,0,0,0,0,0,0.8789182608695651,0.3669600458695652,0.0772,1.3048541054347826,"Census Tract 24, District of Columbia, District of Columbia",1.3,1505,2017,91,17.9,26.562941176470588
11001002501,0,0,0.45454545454545453,1,0,11,DC,8.66431561643836,6863.839339763444,337,13,29.3,475,279,27,0.07142857142857144,0,1,0,0,0,0,0,0.6641985403571429,0.20691975178571428,0.07474973285714286,1.0251726089285715,"Census Tract 25.01, District of Columbia, District of Columbia",14,945,1420,54,28.2,29.04769230769231
11001002503,0,0.5,0,0.5,0,4,DC,8.66492164383562,5325.830802485504,559,74,30.2,466,174,2,0,0,0,0,0,0,0,0,0.627416655625,0.292529263125,0.0772,1.02420573125,0,0,0,0,0,0,21.910588235294117
11001002504,0,0,0.2222222222222222,1,0,9,DC,8.66492164383562,4710.317702642185,674,18,32.6,469,147,16,0,0,2,0,0,0,0,0,0.4784399618181818,0.18012568,0.07202122363636364,0.7888610745454545,0,0,0,0,0,0,24.825
11001002600,0,0,0.33333333333333337,1,0,9,DC,8.66223287671233,4387.520406126183,354,9,30.6,589,98,0,0,0,0,0,0,7,7,7,0.4467666324489796,0.25186928142857146,0.03456952693877551,0.4555478697959184,"Census Tract 26, District of Columbia, District of Columbia",1.3,1339,845,145,7.9,61.1832
11001002702,0,0,0.22727272727272727,0.8181818181818181,0,22,DC,8.66580410958904,5958.477116180015,893,277,31.5,829,5,33,0,0,1,0,0,2,2,2,0.7615260538709677,0.1955162693548387,0.05306625935483871,0.8433698429032258,"Census Tract 27.02, District of Columbia, District of Columbia",4.2,4445,785,143,24.9,43.3068
11001002703,0,0,0.2,1,0,5,DC,8.66576931506849,6482.316125427292,481,138,34.1,292,0,0,0,0,0,0,0,0,0,0,0.7052820163636364,0.16539372454545453,0.06831380454545455,0.9286215872727273,0,0,0,0,0,0,32.68909090909091
11001002704,0,0,0,0.6666666666666666,0,3,DC,8.66576931506849,5386.282824320126,1227,85,31.3,409,0,11,0.16666666666666666,0,0,0,0,0,0,0,0.51108118,0.214307396,0.036796416,0.48439054000000004,0,0,0,0,0,0,59.492
11001002801,0,0,0.39999999999999997,0.8,0,5,DC,8.66714356164383,3066.8222811671094,1013,119,33,459,52,25,0,0,1,0,0,3,3,3,0.7122080516666667,0.09718690333333334,0.07388900166666666,1.0263160866666667,"Census Tract 28.01, District of Columbia, District of Columbia",19,1521,1599,92,32,18.915
11001002802,2,0,0.5,1,0,8,DC,8.66463890410959,8494.094443772197,1177,435,30.3,568,93,11,0.14285714285714288,0,2,3,0,1,1,1,0.8327437142857143,0.08603085,0.07543574285714286,1.1717849142857144,"Census Tract 28.02, District of Columbia, District of Columbia",24.5,1975,1090,319,42.8,14.629166666666666
11001002900,0,0,0.4444444444444444,1,0,9,DC,8.66926876712329,4498.192697982406,995,153,29.9,781,132,13,0,0,1,0,0,0,0,0,0.812051172631579,0.1257419305263158,0.07688319,1.179501522631579,"Census Tract 29, District of Columbia, District of Columbia",6.6,1975,1167,157,29.6,19.46842105263158
11001003000,0,0,0,0.8333333333333334,0,6,DC,8.66169808219178,8232.76223772316,963,195,30.1,538,91,20,0,0.10000000000000002,1,0,0,0,0,0,0.7856386490909091,0.10594754454545455,0.0755331890909091,1.1052272227272728,"Census Tract 30, District of Columbia, District of Columbia",24.6,1605,1309,95,16.4,21.895454545454545
11001003100,0,0.04545454545454546,0.1818181818181818,0.9090909090909091,0,22,DC,8.65793205479452,6014.574028118697,635,168,33,787,112,16,0,0.5,3,0,0,0,0,0,0.8117562616666667,0.11058811722222223,0.0772,1.1866460922222222,"Census Tract 31, District of Columbia, District of Columbia",11.9,1194,981,221,33.4,19.2195
11001003200,0,0,0,1,0,10,DC,8.66486383561644,5049.840802253564,788,137,33.2,709,252,65,0.5849056603773585,0.16981132075471692,3,0,0,0,0,0,0.7672845580645161,0.06986440322580645,0.07377195935483871,1.117345464516129,"Census Tract 32, District of Columbia, District of Columbia",10.4,1474,2260,234,24,18.18793103448276
11001003301,0,0,0.08333333333333334,0.9166666666666666,0,12,DC,8.66407534246575,4860.403690569325,655,274,32,783,243,0,0,0,3,0,0,7,7,7,0.6626016229411764,0.3038931670588235,0.07235049823529412,0.9973681864705882,"Census Tract 33.01, District of Columbia, District of Columbia",1.2,1877,1785,182,6.2,16.417083333333334
11001003302,0,0,0,1,0,9,DC,8.65388493150685,7174.271848290982,246,143,36.8,477,131,2,0,0,0,0,0,2,2,2,0.9123674428571429,0.189861215,0.07244104928571429,1.2861158192857143,"Census Tract 33.02, District of Columbia, District of Columbia",10.9,1142,903,85,4.7,16.993125
11001003400,0,0.05,0.15,0.85,0,20,DC,8.66361863013699,5260.2403361251745,875,401,30.8,415,31,23,0.05555555555555554,0,2,0,0,4,4,4,0.740325305882353,0.21640249411764706,0.0761782411764706,1.132773894117647,"Census Tract 34, District of Columbia, District of Columbia",15.7,1349,3178,108,9.4,14.250487804878048
11001003500,0,0,0.06666666666666668,1,0,15,DC,8.66386438356164,5749.629210030372,577,501,27.3,429,137,16,0,0.1818181818181818,0,0,0,0,0,0,0.70802722125,0.15991741375,0.077000194375,1.08254680875,"Census Tract 35, District of Columbia, District of Columbia",12.5,1118,3803,291,5.7,13.097777777777779
11001003600,0,0,0,1,0,7,DC,8.65846575342466,5088.718737120367,1555,325,28.9,698,222,28,0,0,0,0,0,0,0,0,0.64547051,0.11590763916666667,0.0772,0.9816141208333333,"Census Tract 36, District of Columbia, District of Columbia",7.8,2527,1281,569,13.2,18.274166666666666
11001003701,0,0,0,0.33333333333333337,0,3,DC,8.65854547945206,5816.979096078395,435,241,22.7,377,66,23,0,0,0,0,0,1,1,1,0.62767632125,0.08142493,0.076515415,0.98423558625,0,0,0,0,0,0,23.384
11001003702,0,0,0.6666666666666666,1,0,3,DC,8.65854547945206,4888.855907412149,690,173,28.3,99,103,13,0,0,0,0,0,0,0,0,0.788370138,0.106069322,0.0772,1.1137480339999999,0,0,0,0,0,0,17.938
11001003801,0,0,0,1,0,2,DC,8.65930493150685,5355.302611490566,245,310,31.3,195,0,6,0,0,0,0,0,1,1,1,0.8294204737499999,0.171223305,0.07207835875,1.2470214474999999,0,0,0,0,0,0,23.155
11001003802,0,0,0.6,0.8,0,5,DC,8.65930493150685,5957.449390751628,795,471,30.8,284,33,12,0,0,2,0,0,3,3,3,0.708479305,0.1695927975,0.0772,1.0845048316666668,0,0,0,0,0,0,14.161818181818182
11001003901,0,0.2,0.2,0.6,0,5,DC,8.66464219178082,5882.638179686068,775,263,29.7,312,38,26,0,0,2,0,0,1,1,1,0.8642006433333334,0.17030294444444444,0.07668736444444445,1.0591265377777779,0,0,0,0,0,0,27.575
11001003902,0,0,0,0.5,0,2,DC,8.66464219178082,4124.221310567559,367,162,34.8,39,37,26,0,0,2,0,0,0,0,0,0.7628670525,0.191913685,0.0352935625,0.769186453125,0,0,0,0,0,0,56.322
11001004001,0,0,0.5,1,0,8,DC,8.65871808219178,4533.141475435375,1077,629,29.3,845,52,26,0,0,2,0,0,3,3,3,0.797266003,0.1926984515,0.0642253855,0.9279229275,"Census Tract 40.01, District of Columbia, District of Columbia",0,3530,219,150,13.9,32.97578947368421
11001004002,0,0.125,0.375,0.875,0,8,DC,8.65254821917808,5212.438770075544,853,685,27.2,329,63,1,0,0,0,5,0,6,6,6,0.8004625177777778,0.18361654333333333,0.07667223333333334,1.1816037288888888,"Census Tract 40.02, District of Columbia, District of Columbia",0.4,2896,94,135,7.2,15.22625
11001004100,0,0,0.15384615384615385,0.7692307692307693,0,13,DC,8.64785150684932,7412.499351735533,316,263,26.4,222,19,6,0,0,0,2,0,8,8,8,0.7608709214583333,0.16179875729166668,0.057897976875,0.87061390625,"Census Tract 41, District of Columbia, District of Columbia",0,2110,137,190,9,39.06044444444444
11001004201,0,0,0.5714285714285714,1,0,7,DC,8.65218109589041,5973.974028791552,977,759,33.6,510,62,55,0.055555555555555546,0,2,0,0,4,4,4,0.8329335146666667,0.14216672733333333,0.07481644600000001,1.226346908,"Census Tract 42.01, District of Columbia, District of Columbia",2.9,2976,363,129,6,24.698
11001004202,0,0.33333333333333337,0.6666666666666666,1,0,3,DC,8.64993698630137,6263.426821102041,527,570,22.7,215,0,32,0,0,1,0,0,13,13,13,1.141636046,0.116446574,0.073427056,1.5078908315,"Census Tract 42.02, District of Columbia, District of Columbia",0,2146,42,144,13.9,19.08058823529412
11001004300,0,0,0.5,0.9,0,10,DC,8.65863561643836,5669.241912108579,918,586,28.9,616,44,59,0,0.1999999999999999,1,0,0,6,6,6,0.8259885393333334,0.11538836400000001,0.07638822466666667,1.2093804413333333,"Census Tract 43, District of Columbia, District of Columbia",6.8,2540,950,156,11.7,19.712666666666667
11001004401,2,0.2857142857142857,0.14285714285714288,0.7142857142857143,0,6,DC,8.65429808219178,6268.053848815256,763,404,29.4,428,105,29,0,0.07407407407407411,1,0,0,2,2,2,0.7917898452631579,0.1923714505263158,0.0772,1.175050647368421,0,0,0,0,0,0,14.137272727272727
11001004402,0,0.07692307692307693,0.4615384615384615,0.9230769230769231,0,13,DC,8.65429808219178,4346.462921379426,333,364,25.3,503,23,27,0,0.1904761904761904,0,0,0,10,10,10,0.840392047368421,0.19381044631578948,0.07605748315789473,1.251340607368421,0,0,0,0,0,0,18.79842105263158
11001004600,0,0.08333333333333333,0.16666666666666669,0.8333333333333334,0,12,DC,8.65663369863014,9209.78765051621,483,200,28.8,763,46,40,0.2758620689655172,0,0,0,0,9,9,9,0.8618249675,0.13095217392857145,0.0725475875,1.127050465,"Census Tract 46, District of Columbia, District of Columbia",14.7,1318,1347,133,6.7,16.40290322580645
11001004702,0,0.09999999999999999,0.3,0.8,0,20,DC,8.63994246575342,21495.706942431494,487,833,23.7,667,24,5,0,0,2,0,0,0,0,0,0.9306886529166667,0.053654894583333335,0.044862377083333335,0.9595421225,"Census Tract 47.02, District of Columbia, District of Columbia",10.7,1661,1029,192,7.7,9.32
11001004703,0,0.75,0,0.25,0,3,DC,8.64499890410959,34073.26769725034,599,467,26.9,418,126,16,0,0,0,0,0,0,0,0,0.8076521714285715,0.024677415714285715,0.05039406857142857,0.8470280928571429,0,0,0,0,0,0,10.2325
11001004704,0,0,0,0.8333333333333334,0,6,DC,8.64499890410959,9720.021368034595,101,1,0,0,0,19,0.2222222222222222,0,0,0,0,0,0,0,0.66887852875,0.04128658875,0.06548551375,0.63989799,0,0,0,0,0,0,10.733333333333333
11001004801,2,0,0.21428571428571427,1,0,14,DC,8.65567287671233,5613.357532221466,367,253,27.1,400,40,33,0.13793103448275862,0,0,0,0,2,2,2,1.0393290972,0.1545977504,0.072784524,1.4204924844,"Census Tract 48.01, District of Columbia, District of Columbia",1.6,1255,988,259,7.9,18.61
11001004802,0,0,0,1,0,5,DC,8.64896246575342,31117.90500096384,340,699,23.5,454,49,12,0,0,1,0,0,12,12,12,0.8099201511764706,0.07879317176470588,0.06149501411764706,0.8495611423529412,"Census Tract 48.02, District of Columbia, District of Columbia",19.4,1465,1606,334,7.7,16.13058823529412
11001004901,0,0.28571428571428575,0.14285714285714288,0.7142857142857143,0,14,DC,8.64976383561644,5591.04221680385,401,642,27.4,443,239,51,0,0.29411764705882354,1,0,0,2,2,2,1.116172575,0.10525855818181819,0.07124708272727273,1.5277563540909092,"Census Tract 49.01, District of Columbia, District of Columbia",18.6,1372,1034,186,14.9,20.0156
11001004902,2,0.25,0.25,0.625,0,8,DC,8.64613589041096,12955.276705952405,478,823,25.8,446,0,26,0,0.3157894736842105,1,19,0,11,11,11,0.9622500777272727,0.09202067227272727,0.07274046136363636,1.3337520940909091,"Census Tract 49.02, District of Columbia, District of Columbia",23,1536,639,361,24.9,12.033809523809524
11001005001,0,0,0.16666666666666669,0.8333333333333334,0,6,DC,8.6505,5721.700650385409,333,527,27.8,170,36,25,0,0,1,0,0,5,5,5,1.069773214117647,0.07552659588235294,0.0747103994117647,1.4575097735294118,"Census Tract 50.01, District of Columbia, District of Columbia",0,1393,295,156,17.9,22.63952380952381
11001005003,0,0,0.2,1,0,5,DC,8.64272849315068,10744.600865515638,300,516,26.2,240,0,23,0,0,0,0,0,3,3,3,1.1665048425,0.062038987500000004,0.06570649,1.5228964475,0,0,0,0,0,0,22.70375
11001005004,0,0,0.25,1,0,8,DC,8.64272849315068,7998.213991826514,389,947,22.9,301,77,41,0,0,2,0,0,11,11,11,1.1799052822222222,0.07372796222222222,0.07289697333333334,1.5694314277777779,0,0,0,0,0,0,26.10875
11001005202,0,0,0.5,0.875,0,8,DC,8.6442997260274,6238.111244905748,399,698,25.8,428,22,70,0,0.5121951219512197,0,0,0,3,3,3,0.96481978125,0.03763792625,0.06938138875000001,1.31103254875,0,0,0,0,0,0,18.998
11001005203,0,0,1,1,0,3,DC,8.6442997260274,12884.243424020906,791,1113,24.6,382,36,19,0,0,1,0,0,1,1,1,1.026450928,0.042751831000000004,0.057126342000000004,1.368582914,0,0,0,0,0,0,7.53625
11001005302,0,0,1,1,0,1,DC,8.65533205479452,8362.344348385219,466,554,25.7,199,34,24,0,0,2,0,0,4,4,4,0.8715595622222222,0.07848528,0.0772,1.23310108,0,0,0,0,0,0,17.82125
11001005303,0,0,0.33333333333333337,1,0,6,DC,8.65533205479452,8708.07564319177,407,710,24.9,130,0,12,0.0909090909090909,0,1,3,0,3,3,3,0.96802876,0.024425060714285716,0.06457295,1.3001886885714287,0,0,0,0,0,0,19.971818181818183
11001005501,0,0,0.25,0.75,0,4,DC,8.64461808219178,7067.449850709536,219,443,21.3,201,0,16,0.08333333333333333,0,0,10,0,1,1,1,0.9194829853846154,0.12426158615384615,0.06401591692307693,1.1950719361538462,0,0,0,0,0,0,19.374285714285712
11001005502,1,0.16666666666666666,0.38888888888888895,0.8888888888888888,0,18,DC,8.64461808219178,7205.591460731327,367,471,20.7,291,40,23,0,0,1,23,0,14,14,14,1.1411283996153845,0.08634926076923077,0.07056078615384616,1.4080453219230769,0,0,0,0,0,0,19.442758620689656
11001005503,0,0,0.6666666666666666,1,0,3,DC,8.64461808219178,6087.408060901935,269,402,17.4,216,15,9,0,0,0,0,0,0,0,0,1.04417753,0.2994616118181818,0.06666172909090909,1.2340839909090908,0,0,0,0,0,0,22.828888888888887
11001005601,3,0,0.33333333333333337,0.6666666666666666,0,3,DC,8.62898164383562,10913.624830051258,307,586,26.6,110,0,0,0,0,1,2,0,1,1,1,1.478307935652174,0.2227467991304348,0.04418761173913043,1.6167628065217392,0,0,0,0,0,0,20.510555555555555
11001005602,0,0,0,0.8,0,5,DC,8.62898164383562,9368.77831331841,327,895,18.6,226,22,19,0.2,0.8,0,3,0,4,4,4,1.1362166122580646,0.17047164806451612,0.034547164516129034,1.1624112441935484,0,0,0,0,0,0,21.691111111111113
11001005801,0,0.3125,0.375,0.8125,0,15,DC,8.62952849315069,7152.6860851794045,236,350,25.9,246,84,26,0,0.15384615384615388,7,0,0,0,0,0,0.7528714555555556,0.07575823555555555,0.07451722333333334,1.1626192988888888,0,0,0,0,0,0,10.192857142857143
11001005802,9,0.1886792452830189,0.3962264150943396,0.7547169811320755,0,53,DC,8.62952849315069,8595.777473873733,399,681,18.7,185,32,104,0.03448275862068967,0.2586206896551723,16,31,6,0,0,0,0.7861235710638298,0.013071302978723403,0.0754882585106383,1.2301636934042552,0,0,0,0,0,0,6.386590909090909
11001005900,1,0,0.1875,0.875,0,16,DC,8.63366630136986,18330.37242110216,268,475,23.6,172,25,47,0.29166666666666663,0.08333333333333336,18,11,0,0,0,0,0.9288883173809523,0.06677671428571429,0.04925741166666667,0.9555358333333334,"Census Tract 59, District of Columbia, District of Columbia",5,1617,568,337,6.9,10.501818181818182
11001006400,0,0.6,0.1,0.4,0,5,DC,8.55163863013699,2993.000728607158,244,179,25.4,273,11,9,0,0,3,0,0,17,17,17,0.6131046263636364,0.09415236954545454,0.03717651340909091,0.8784861302272727,"Census Tract 64, District of Columbia, District of Columbia",47.5,338,2128,0,4.9,22.392
11001006500,3,0,0.5,1,0,2,DC,8.60758,13165.806969737145,300,425,23.6,190,44,46,0.03125,0,4,0,0,3,3,3,0.9660359443181818,0.11711132909090909,0.06454321886363637,1.0597925529545456,"Census Tract 65, District of Columbia, District of Columbia",3.2,2214,305,6,10.6,24.263181818181817
11001006600,0,0,0.4444444444444444,1,0,9,DC,8.62139561643836,3621.338422344223,448,342,31,211,9,26,0,0,1,0,0,7,7,7,0.8757235808333333,0.17547368791666668,0.07710739875,1.2586813879166667,"Census Tract 66, District of Columbia, District of Columbia",2.7,1726,48,106,3.8,28.191739130434783
11001006700,0,0,0.1111111111111111,1,0,9,DC,8.63171643835616,3842.290101943252,668,369,29.3,577,96,57,0,0,1,0,0,9,9,9,1.0111244883333335,0.1648351313888889,0.07631254638888889,1.3830885680555556,"Census Tract 67, District of Columbia, District of Columbia",0,3514,591,150,5.5,32.81944444444444
11001006801,0,0,0.14285714285714288,0.8571428571428571,0,7,DC,8.63900191780822,3620.925731969144,435,26,33.7,393,80,12,0,0,0,0,0,4,4,4,0.7689391811764705,0.10024583588235295,0.07180059294117647,1.1426378411764706,"Census Tract 68.01, District of Columbia, District of Columbia",2.6,1145,1002,90,5.6,22.088125
11001006802,0,0,0,1,0,8,DC,8.62787890410959,3610.0053801658455,565,46,28.7,485,58,29,0.04347826086956524,0,0,0,0,1,1,1,0.8090077847826087,0.1758723747826087,0.07231090260869566,1.1092842004347827,"Census Tract 68.02, District of Columbia, District of Columbia",4.8,1554,809,44,3.3,28.031363636363636
11001006804,3,0,0.11111111111111108,0.33333333333333337,0,9,DC,8.65052630136986,6118.49653873505,38,0,37.5,20,10,6,0,0,1,0,0,0,0,0,0.3820902308,0.0359261304,0.0382761436,0.1753168884,"Census Tract 68.04, District of Columbia, District of Columbia",0,248,2365,0,5.2,39.838499999999996
11001006900,3,0.14285714285714288,0.7142857142857143,1,0,7,DC,8.61858301369863,3941.9734771657263,685,306,28,346,89,53,0.024999999999999988,0,0,0,0,0,0,0,0.9141171810000001,0.25368408333333337,0.07625899,1.2782763106666666,"Census Tract 69, District of Columbia, District of Columbia",0,1741,423,30,5,28.254666666666665
11001007000,3,0.1,0.4,0.9,0,10,DC,8.60233616438356,15046.265183067762,410,331,20.6,614,22,25,0.04999999999999999,0,3,2,0,0,0,0,1.1449252327659574,0.1847463785106383,0.04735119659574468,1.2518292723404256,"Census Tract 70, District of Columbia, District of Columbia",1.8,2241,303,59,12.5,19.829777777777778
11001007100,0,0.1,0.3,0.9,0,10,DC,8.59898301369863,13216.217518476817,494,3,29.3,394,85,5,0,0,0,0,0,0,0,0,0.9849049859574468,0.06435713808510639,0.02704626446808511,0.8485620676595744,"Census Tract 71, District of Columbia, District of Columbia",42,1201,2029,101,4.8,20.206829268292683
11001007201,0,0.33333333333333337,0.16666666666666666,0.33333333333333337,0,6,DC,8.58653287671233,3020.715424878216,469,144,26.2,489,163,26,0.14285714285714288,0,1,0,0,0,0,0,0.8008613657142857,0.08400916714285714,0.035000467714285714,0.6823685471428571,0,0,0,0,0,0,8.693103448275862
11001007202,1,0.33333333333333337,0.33333333333333337,0.6666666666666666,0,3,DC,8.58653287671233,6448.1325953530295,1203,480,27.6,981,32,25,0.07692307692307696,0,8,0,0,0,0,0,0.8879958436363636,0.12403603272727273,0.06049106,0.9466930936363637,0,0,0,0,0,0,4.024166666666667
11001007203,0,0.16666666666666669,0.33333333333333337,0.8333333333333334,0,6,DC,8.58653287671233,8961.77775019653,408,383,24.7,523,12,48,0.13333333333333336,0,0,6,0,1,1,1,1.2286889660465117,0.13042341372093022,0.04115947604651163,1.2363806693023256,0,0,0,0,0,0,10.966153846153846
11001007301,0,0,0,0.7142857142857143,0,7,DC,8.45517150684931,3868.844676460348,54,201,21.1,1774,173,1,0,0,0,0,0,0,0,1,0.4824158117123288,0.04689754773972604,0.002281690342465754,-0.4167553040410959,"Census Tract 73.01, District of Columbia, District of Columbia",2.6,2922,1197,109,15.4,15.715526315789473
11001007304,0,0.07317073170731705,0.024390243902439015,0.7804878048780488,0,41,DC,8.44085178082192,3514.546150012241,930,35,33.7,402,23,0,0,0,0,0,0,0,0,0,0.4172235756,0.2129148928,0.0703598544,0.7074354288,"Census Tract 73.04, District of Columbia, District of Columbia",31.4,164,3299,0,3.4,28.728
11001007401,1,0.08695652173913045,0.4347826086956522,0.8260869565217391,0,23,DC,8.54420301369863,13664.371475245092,166,0,39.8,131,41,0,0,0,1,3,0,1,1,1,0.5078374897727272,0.09052244431818182,0.022551976590909087,-0.23868744227272726,"Census Tract 74.01, District of Columbia, District of Columbia",63,49,2161,26,2.1,19.11121212121212
11001007403,0,0,0.11111111111111109,1,0,9,DC,8.47605424657534,7179.709079876821,371,28,40,384,175,0,0,0,0,0,0,0,0,0,0.4952765525,0.23699374374999999,0.0706119825,0.7419128025,"Census Tract 74.03, District of Columbia, District of Columbia",35.2,41,3135,0,2.5,30.25857142857143
11001007404,1,0.06896551724137931,0.24137931034482762,0.8620689655172413,0,29,DC,8.48093561643836,4263.381777572178,425,61,29.1,784,42,10,0,0,0,0,0,0,0,0,0.5146159131034482,0.13808312379310345,0.0696771127586207,0.6973425420689655,"Census Tract 74.04, District of Columbia, District of Columbia",28.1,37,4058,8,2.7,20.31714285714286
11001007406,0,0.05555555555555554,0,0.38888888888888895,0,18,DC,8.5073504109589,2908.8435185185185,414,0,33.6,365,101,0,0,0,0,0,0,0,0,0,0.17920397,0.08765071333333334,0.06847377666666667,0.26272444333333334,"Census Tract 74.06, District of Columbia, District of Columbia",48.6,2,2904,0,9,31.696666666666665
11001007407,0,0,0,0.8666666666666667,0,15,DC,8.52234383561644,2773.811437605984,289,22,31.7,805,103,0,0,0,1,0,0,0,0,0,0.3688179526923077,0.17544688038461537,0.06785816192307692,0.3993747615384615,"Census Tract 74.07, District of Columbia, District of Columbia",20.5,86,3185,0,1.5,31.16521739130435
11001007408,0,0,0.15384615384615385,0.8461538461538461,0,13,DC,8.48735479452055,3545.1886229391416,173,0,44.8,486,149,0,0,0,0,0,0,0,0,0,0.4498757683333333,0.168905995,0.07338422083333333,0.6509190475,"Census Tract 74.08, District of Columbia, District of Columbia",48.5,63,3376,0,1.3,35.411
11001007409,0,0.27777777777777785,0.05555555555555554,0.5,0,18,DC,8.4605997260274,5116.198997476502,587,51,39.8,463,0,0,0,0,0,0,0,0,0,0,0.3790069588235294,0.27936784,0.07460078117647059,0.6182363317647059,"Census Tract 74.09, District of Columbia, District of Columbia",27.5,32,3751,55,3.5,34.28666666666667
11001007502,0,0,0.21428571428571427,0.8571428571428571,0,28,DC,8.50833452054795,3572.2758769674883,485,21,32.6,524,113,0,0,0,0,0,0,1,1,1,0.37870267,0.09629795764705883,0.07056394470588236,0.6299751441176471,"Census Tract 75.02, District of Columbia, District of Columbia",36.7,47,5245,0,0,30.21764705882353
11001007503,0,0.125,0,0.8125,0,16,DC,8.54318301369863,4991.857372902891,290,10,32.9,435,94,0,0,0,3,0,0,0,0,0,0.6933949893103448,0.10997484172413793,0.05579481344827586,0.4863975127586207,"Census Tract 75.03, District of Columbia, District of Columbia",40.6,122,2284,0,1.5,25.206071428571427
11001007504,0,0,0.05263157894736844,0.8421052631578947,0,19,DC,8.53673808219178,2295.8936160510716,489,23,38.7,209,117,0,0,0,0,0,0,0,0,0,0.475789804,0.123690381,0.071563518,0.799511577,"Census Tract 75.04, District of Columbia, District of Columbia",39.2,27,2874,0,0.2,35.168
11001007601,0,0.11111111111111109,0.1111111111111111,0.8333333333333334,0,18,DC,8.57901589041096,12026.310990900858,631,20,31.6,1155,71,10,0,0,3,0,0,0,0,1,0.8385679679487179,0.10289715435897435,0.04395040717948718,0.5238145558974359,"Census Tract 76.01, District of Columbia, District of Columbia",21.7,328,4385,0,4.1,26.277971014492753
11001007603,0,0.05714285714285713,0.057142857142857134,0.8571428571428571,0,35,DC,8.50076904109589,3111.6222089015623,553,0,36.9,810,100,0,0,0,1,0,0,6,6,6,0.5047002471428571,0.28948930714285714,0.05999796119047619,0.7922567657142857,"Census Tract 76.03, District of Columbia, District of Columbia",36.2,341,3680,41,8.6,41.223414634146344
11001007604,0,0.11538461538461536,0.2692307692307693,0.8461538461538461,0,26,DC,8.54576657534247,4498.519058311531,307,5,33.5,878,233,1,0,0,1,0,0,1,1,1,0.5597237694736842,0.16080505736842104,0.05499492859649123,0.7935748070175439,"Census Tract 76.04, District of Columbia, District of Columbia",21,151,3858,21,3.8,42.4692
11001007605,0,0.0909090909090909,0.18181818181818177,0.6363636363636364,0,11,DC,8.55054438356164,3491.3011164235736,474,77,33.8,657,118,0,0,0,0,0,0,0,0,0,0.6539252542857142,0.09473799761904762,0.07254625047619048,0.9003219747619048,"Census Tract 76.05, District of Columbia, District of Columbia",41.4,139,3418,69,5.4,24.276842105263157
11001007703,0,0,0.05128205128205126,0.7692307692307693,0,39,DC,8.60326191780822,2928.058486407527,676,0,34.8,1724,117,29,0.06666666666666667,0,0,0,0,1,1,1,0.4618891088888889,0.13572662444444444,0.06337898481481481,0.6216884644444445,"Census Tract 77.03, District of Columbia, District of Columbia",31.3,0,5753,23,6,28.14913043478261
11001007707,0,0.3,0.05,0.65,0,20,DC,8.52914794520548,3863.278211573489,557,0,33.8,754,206,4,0,0,1,0,0,7,7,7,0.461846356,0.11906414175,0.0705590255,0.74849584025,"Census Tract 77.07, District of Columbia, District of Columbia",18.9,21,4417,0,1.5,33.240810810810814
11001007708,0,0,0.4,1,0,5,DC,8.63137589041096,18281.709125317695,286,0,31.6,206,44,9,0.8,0,1,0,0,0,0,0,0.5112123771428572,0.07566247321428571,0.04103508821428572,-0.052903961428571435,"Census Tract 77.08, District of Columbia, District of Columbia",33.4,0,3039,0,0,32.136896551724135
11001007709,0,0,0.07692307692307693,0.9230769230769231,0,13,DC,8.60565123287671,8517.092600300308,367,0,40.5,258,42,19,0.6666666666666666,0,2,0,0,0,0,0,0.8144297132653061,0.07763162040816327,0.03660696040816326,0.4760193704081633,"Census Tract 77.09, District of Columbia, District of Columbia",25.9,44,2323,0,3.7,30.756923076923076
11001007803,3,0.037037037037037056,0.25925925925925924,0.5185185185185185,0,27,DC,8.60073506849315,4009.1297634313332,566,3,40.4,690,69,0,0,0,1,0,0,0,0,0,0.7522473604878048,0.14877786219512196,0.060062273170731706,0.8904069536585366,"Census Tract 78.03, District of Columbia, District of Columbia",25.3,144,3614,9,7.7,34.886315789473684
11001007804,0,0,0.16666666666666666,0.9166666666666666,0,24,DC,8.55642657534247,2571.0143304843305,316,23,31.8,630,132,12,0,0,0,0,0,0,0,0,0.7967280438461538,0.14872975365384616,0.06465982269230769,1.1301275671153845,"Census Tract 78.04, District of Columbia, District of Columbia",24.9,4,3998,9,0.5,31.27674418604651
11001007806,0,0.05263157894736844,0.10526315789473684,0.5789473684210527,0,19,DC,8.56219123287671,3632.9603888282104,352,0,37.8,481,82,0,0,0,1,0,0,1,1,1,0.63421146125,0.176402746,0.06992761075000001,0.718960161,"Census Tract 78.06, District of Columbia, District of Columbia",10.9,62,2104,0,0.1,30.387297297297298
11001007807,0,0,0,0.9166666666666666,0,12,DC,8.51282767123288,2612.245454545455,299,4,43.1,289,89,0,0,0,0,0,0,0,0,0,0.5244866626086957,0.12776505565217391,0.06801742956521739,0.8626730052173913,"Census Tract 78.07, District of Columbia, District of Columbia",17,48,2049,6,4,32.78
11001007808,0,0,0,0.9444444444444444,0,18,DC,8.50443917808219,3055.571282251378,332,15,36.1,705,92,0,0,0,0,0,0,2,2,2,0.6000335463461538,0.15026608461538463,0.06922896826923076,0.9338061221153846,"Census Tract 78.08, District of Columbia, District of Columbia",26,9,3818,23,2.7,35.30863636363637
11001007809,0,0,0,1,0,14,DC,8.56323890410959,2820.158163650075,189,22,43.3,541,158,3,0,0,0,0,0,3,3,3,0.7108567666666666,0.16176547458333332,0.06946012625,0.9460127966666667,"Census Tract 78.09, District of Columbia, District of Columbia",19.3,16,3401,33,2.8,31.12375
11001007901,0,0,0.33333333333333337,0.8333333333333334,0,12,DC,8.65215424657534,4678.354341108828,584,23,34.4,600,149,27,0.04545454545454546,0,2,0,0,11,11,11,0.9336194188461538,0.19558658115384617,0.07482719923076923,1.3341840242307692,"Census Tract 79.01, District of Columbia, District of Columbia",22.5,991,2816,22,3.8,17.436333333333334
11001007903,0,0,0,1,0,2,DC,8.65373287671233,4847.465411635211,352,28,35.3,349,36,4,0,0,0,0,0,3,3,3,0.6886789268421053,0.19595382894736843,0.0742932352631579,1.0223006789473683,"Census Tract 79.03, District of Columbia, District of Columbia",12.8,434,1433,30,2.7,15.363599999999998
11001008001,0,0,0,1,0,10,DC,8.65390602739726,2720.527195830508,466,79,32,523,174,42,0,0,0,0,0,0,0,0,0.9955241985185185,0.2544491562962963,0.0769932262962963,1.3980797125925926,"Census Tract 80.01, District of Columbia, District of Columbia",0,2067,782,106,3,26.6284
11001008002,0,0.07142857142857145,0.14285714285714288,0.9285714285714286,0,14,DC,8.63955452054794,3605.267295372452,480,211,28.4,656,75,88,0.015625,0.046875,1,0,0,29,29,29,0.9860580236842105,0.12524083289473684,0.07350148368421053,1.344081772368421,"Census Tract 80.02, District of Columbia, District of Columbia",2.2,2322,1004,79,8.3,30
11001008100,0,0,0.08333333333333333,0.9166666666666666,0,12,DC,8.63709479452055,5489.003460957816,756,347,30.7,516,38,35,0,0,0,0,0,9,9,9,1.0614101803703704,0.2199786677777778,0.07717748259259259,1.4564055533333333,"Census Tract 81, District of Columbia, District of Columbia",0,2726,324,92,8.4,30.465714285714284
11001008200,0,0,0.2,1,0,5,DC,8.62789342465753,4686.923969019285,382,487,27.4,335,111,41,0,0,2,0,0,19,19,19,0.9430580692307692,0.13125256115384615,0.07274679307692308,1.3087244057692309,"Census Tract 82, District of Columbia, District of Columbia",0,2567,232,102,8.3,25.300588235294118
11001008301,0,0,0,1,0,3,DC,8.64284520547945,4355.485544993486,644,483,27.8,362,35,64,0,0,0,0,0,25,25,25,0.9260750752173913,0.2399173760869565,0.0741642447826087,1.316195367826087,"Census Tract 83.01, District of Columbia, District of Columbia",0,1900,248,135,5.9,23.04851851851852
11001008302,0,0.07692307692307693,0.23076923076923075,0.9230769230769231,0,13,DC,8.64399424657534,4728.223882582305,804,355,30,311,63,34,0,0,4,0,0,7,7,7,1.0316724478947368,0.22014511210526316,0.07535624631578948,1.4409649331578946,"Census Tract 83.02, District of Columbia, District of Columbia",0,1803,519,146,2.9,22.151
11001008402,0,0,0.2727272727272727,0.9090909090909091,0,11,DC,8.65047397260274,5887.969861514101,342,182,27.9,497,48,30,0.047619047619047596,0,3,0,0,1,1,1,1.0369536880952381,0.3095553719047619,0.07718527047619048,1.4503466123809523,"Census Tract 84.02, District of Columbia, District of Columbia",0,1609,628,20,3.3,21.6272
11001008410,0,0.10000000000000002,0,0.9,0,10,DC,8.65221452054795,5114.569746989755,283,57,33.3,342,58,19,0,0,1,0,0,1,1,1,0.7157753166666667,0.2521322128571429,0.0772,1.1129695247619047,"Census Tract 84.10, District of Columbia, District of Columbia",2.6,827,607,47,6.5,19.782
11001008701,0,0,0,0.6923076923076923,0,13,DC,8.64985835616438,4614.326204016949,691,107,37,608,17,31,0,0,0,0,0,12,12,12,0.6825891891666667,0.18716138625,0.07131216041666667,1.0258171616666667,"Census Tract 87.01, District of Columbia, District of Columbia",0,949,1335,43,9.6,20.87913043478261
11001008702,0,0.07692307692307693,0.07692307692307694,0.8461538461538461,0,13,DC,8.65272493150685,8148.924355774467,851,306,29,598,41,39,0,0,2,0,0,9,9,9,0.6922482036363636,0.21268336227272727,0.06770845045454546,1.0480626645454545,"Census Tract 87.02, District of Columbia, District of Columbia",15.5,857,1571,131,10,15.3404
11001008802,0,0,0,1,0,12,DC,8.65818109589041,3878.680679132748,618,87,35.4,828,284,23,0,0,0,0,0,6,6,6,0.7353588683333333,0.15327717866666665,0.07648793400000001,1.1091245216666668,"Census Tract 88.02, District of Columbia, District of Columbia",10,1138,3036,63,3.3,20.572333333333333
11001008803,0,0,0.1764705882352941,0.8823529411764706,0,16,DC,8.6574298630137,5190.981313173387,337,194,27.3,436,102,102,0,0.038461538461538464,4,0,0,0,0,0,0.45430978483870965,0.04573421322580645,0.06132394870967742,0.7095333048387097,"Census Tract 88.03, District of Columbia, District of Columbia",41.7,687,1655,48,10,11.029743589743589
11001008804,0,0.13333333333333336,0.06666666666666668,0.7333333333333333,0,15,DC,8.65281917808219,6666.165121552128,463,46,33.3,489,46,0,0,0,1,0,0,0,0,0,0.684724894,0.10245069600000001,0.0730109312,0.9887382236,"Census Tract 88.04, District of Columbia, District of Columbia",20.7,281,2020,194,2.8,15.1824
11001008903,0,0,0.07142857142857144,0.6428571428571429,0,14,DC,8.65656876712329,4801.041714785136,457,15,31.9,911,40,10,0,0,1,0,0,7,7,7,0.8599470813043478,0.11385463695652175,0.0626601495652174,1.1399695360869566,"Census Tract 89.03, District of Columbia, District of Columbia",28.1,414,2571,90,5,12.608214285714286
11001008904,0,0.20000000000000004,0.26666666666666666,0.5333333333333333,0,15,DC,8.65434082191781,4972.548473210164,583,7,31.2,882,209,0,0,0,1,0,0,0,0,0,0.66685338,0.15689041470588236,0.07553319529411764,0.9940504729411764,"Census Tract 89.04, District of Columbia, District of Columbia",20.1,343,3013,98,13.1,16.07125
11001009000,0,0.04,0.08,0.76,0,24,DC,8.60729945205479,6460.121237224991,117,0,33.2,1299,65,19,0,0,1,0,0,1,1,1,0.250178133125,0.079121274375,0.041666329375000005,0.37437106125,"Census Tract 90, District of Columbia, District of Columbia",6.5,362,3099,10,7.6,21.329285714285714
11001009102,1,0,0.09375,0.71875,0,32,DC,8.65535698630137,6189.587414759294,678,14,29.4,883,55,16,0,0,1,0,0,12,12,12,0.5468624212244898,0.09093799510204081,0.0651953118367347,0.8231297230612244,"Census Tract 91.02, District of Columbia, District of Columbia",22.7,589,4347,59,4.2,20.572499999999998
11001009201,0,0.13333333333333333,0,0.8,0,15,DC,8.65708712328767,4623.500791128229,467,285,25.7,499,84,26,0.07692307692307694,0.46153846153846156,1,0,0,13,13,13,0.435043040625,0.12809672875,0.0646375575,0.7145269425,"Census Tract 92.01, District of Columbia, District of Columbia",4.1,1197,1132,82,7.2,19.245238095238093
11001009203,0,0.0909090909090909,0.0909090909090909,0.7272727272727273,0,11,DC,8.66195232876712,4464.253800168993,440,82,33.9,559,173,24,0,0,1,0,0,2,2,2,0.513954421,0.173461871,0.0666381015,0.816140426,"Census Tract 92.03, District of Columbia, District of Columbia",15.4,571,1980,9,9.5,23.741052631578945
11001009204,0,0,0.3,0.9,0,10,DC,8.65075616438356,6816.380057718701,319,11,35.7,453,95,12,0,0,1,0,0,2,2,2,0.5794518425,0.106422285,0.07155894583333333,0.9018033716666667,"Census Tract 92.04, District of Columbia, District of Columbia",27.8,344,2243,14,10,16.133
11001009301,1,0.0476190476190476,0.0476190476190476,0.7857142857142857,0,42,DC,8.63831397260274,4134.035849574457,490,12,31.2,815,151,8,0.25,0,0,0,0,20,20,20,0.811511057721519,0.3168750781012658,0.06814274949367088,1.1837472488607594,"Census Tract 93.01, District of Columbia, District of Columbia",7.9,1198,1899,134,7.1,36.04449275362319
11001009302,0,0,0.2,1,0,10,DC,8.64767342465754,5782.4968797703,389,61,32.5,321,26,8,0,0,0,0,0,10,10,10,0.5920182905555555,0.111435265,0.06950262944444445,0.9304760188888889,"Census Tract 93.02, District of Columbia, District of Columbia",8,551,590,3,27,28.996470588235294
11001009400,0,0.052631578947368446,0.13157894736842105,0.9210526315789473,0,38,DC,8.6214495890411,4891.717612150745,369,47,31.9,1295,108,4,0,0,0,0,0,46,46,46,0.6832954453846154,0.23983995197802196,0.0683458078021978,1.0278815314285714,"Census Tract 94, District of Columbia, District of Columbia",1.9,936,3788,49,5.7,32.38294117647059
11001009503,0,0,0.14285714285714288,0.9285714285714286,0,28,DC,8.62730383561644,4434.238265355907,260,65,34.2,757,29,0,0,0,0,0,0,23,23,23,0.5958420967307693,0.20435936961538462,0.06817338019230769,0.9267229290384615,"Census Tract 95.03, District of Columbia, District of Columbia",2.2,601,2453,34,1.8,36.9294
11001009504,0,0,0.11428571428571425,0.8571428571428571,0,35,DC,8.64260493150685,3470.6691118818535,396,109,32.5,585,0,0,0,0,0,0,0,17,17,17,0.6501078615217392,0.18371364891304348,0.06488632239130435,0.9117795715217392,"Census Tract 95.04, District of Columbia, District of Columbia",1.3,1002,1768,94,13.5,26.618536585365852
11001009505,0,0,0.13333333333333336,0.9333333333333333,0,30,DC,8.63107287671233,5536.650437008312,518,18,30,1016,204,16,0,0,0,0,0,36,36,36,0.6029985131578948,0.14614090771929825,0.06918934157894736,0.9308982992982456,"Census Tract 95.05, District of Columbia, District of Columbia",3.8,306,2236,21,11,26.849642857142857
11001009507,0,0,0,0.8333333333333334,0,6,DC,8.62686136986301,6344.983616333179,81,0,38.2,464,106,0,0,0,0,0,0,5,5,5,0.4023551563636364,0.2564634318181818,0.06927915272727272,0.7208698436363636,"Census Tract 95.07, District of Columbia, District of Columbia",7.2,193,1641,0,15.2,19.875454545454545
11001009508,3,0.03703703703703704,0,0.5185185185185185,0,27,DC,8.63818465753425,5523.312036385941,426,17,32.5,429,139,3,0,0,1,7,0,23,23,23,0.4737119335714286,0.18169062428571428,0.06758638642857143,0.7692978535714285,"Census Tract 95.08, District of Columbia, District of Columbia",5.5,300,2701,71,15.9,23.267931034482757
11001009509,0,0,0.0588235294117647,0.8823529411764706,0,17,DC,8.6281495890411,3546.3145103581905,404,0,27.9,768,124,0,0,0,0,0,0,25,25,25,0.5747098831034483,0.25826671896551723,0.0664650748275862,0.8787822268965517,"Census Tract 95.09, District of Columbia, District of Columbia",1.7,327,2745,0,8.7,25.888620689655173
11001009510,0,0,0.0625,0.75,0,16,DC,8.64705506849315,5698.223004580799,923,108,29.5,642,137,1,0,0,1,0,0,18,18,18,0.38389633666666667,0.1587264262962963,0.052986701481481484,0.5966955507407408,0,0,0,0,0,0,27.000357142857144
11001009511,0,0,0,0.4,0,5,DC,8.64705506849315,6421.695549775405,27,333,13.4,49,34,14,0,0.16666666666666669,0,0,0,0,0,0,0.210907934,0.097384096,0.037986716000000004,0.268444528,0,0,0,0,0,0,37.0625
11001009601,1,0,0,0.9230769230769231,0,13,DC,8.59631095890411,10813.130881136574,218,8,31.1,319,136,0,0,0,0,0,0,0,0,0,0.5731208012962964,0.10092415722222223,0.024598369999999998,0.27237044703703706,"Census Tract 96.01, District of Columbia, District of Columbia",38.2,46,2497,0,0.8,32.09575
11001009602,1,0.125,0.0625,0.25,0,15,DC,8.64139835616438,12814.659259259257,256,10,32.6,651,92,30,0,1,0,0,0,0,0,0,0.5902206460526316,0.18621736210526316,0.03800604921052632,0.3102253007894737,"Census Tract 96.02, District of Columbia, District of Columbia",45.4,30,3492,0,3.6,17.403030303030302
11001009603,0,0.16666666666666666,0.16666666666666669,0.6666666666666666,0,18,DC,8.61217534246575,3999.206940090561,667,0,33.7,774,100,0,0,0,0,0,0,1,1,1,0.4935934184,0.1044824224,0.0602887488,0.37201843560000003,"Census Tract 96.03, District of Columbia, District of Columbia",5.9,0,3500,0,3.1,18.388235294117646
11001009604,0,0,0.07142857142857145,0.9285714285714286,0,14,DC,8.65650767123288,13702.962103174601,356,6,37.9,539,98,0,0,0,0,0,0,2,2,2,0.5324501504166667,0.10712654541666666,0.03334919,-0.025575902916666664,"Census Tract 96.04, District of Columbia, District of Columbia",7.4,96,2063,0,2.5,16.290344827586207
11001009700,0,0.04545454545454545,0.0909090909090909,0.7727272727272727,0,22,DC,8.42284602739726,3329.249405472462,650,42,43.7,565,73,0,0,0,0,0,0,0,0,0,0.4244114415,0.1721344565,0.0658513495,0.656061189,"Census Tract 97, District of Columbia, District of Columbia",36.2,35,3212,0,0.5,24.870625
11001009801,0,0,0.05555555555555554,0.8888888888888888,0,18,DC,8.41695726027397,3293.822186147186,172,7,40.5,246,18,0,0,0,0,0,0,0,0,0,0.44781862461538463,0.21108888076923077,0.055093036923076925,0.6880213061538462,"Census Tract 98.01, District of Columbia, District of Columbia",39.8,49,2178,0,2.2,33.235
11001009802,0,0,0,0.9,0,10,DC,8.40926657534247,3098.5882352941176,174,0,45.2,139,14,0,0,0,0,0,0,0,0,0,0.3837421516666667,0.2966579133333333,0.07367432833333333,0.6480209716666667,"Census Tract 98.02, District of Columbia, District of Columbia",42.1,60,1986,0,3.2,28.995
11001009803,0,0,0.13333333333333336,1,0,15,DC,8.43433643835616,3476.232729621799,562,0,36.5,667,52,0,0,0,1,0,0,0,0,0,0.4637250547619048,0.13154646476190476,0.06170986666666667,0.38959604,"Census Tract 98.03, District of Columbia, District of Columbia",39.6,0,3064,0,0,29.05764705882353
11001009804,0,0.047619047619047596,0,0.9523809523809523,0,21,DC,8.44351452054794,3117.3732118983958,509,27,34.9,347,54,0,0,0,1,0,0,0,0,0,0.48473651928571426,0.10618817214285714,0.07037367642857144,0.7216100042857143,"Census Tract 98.04, District of Columbia, District of Columbia",31.7,42,2490,9,7.6,34.38461538461539
11001009807,0,0.04545454545454545,0,0.6818181818181818,0,22,DC,8.40727424657534,10597.6166195661,470,0,55.7,750,162,9,0,0,1,0,0,0,0,0,0.45127948384615385,0.06579050384615384,0.04828037807692308,-0.27452100615384617,"Census Tract 98.07, District of Columbia, District of Columbia",36.4,118,3232,0,0.1,36.65083333333333
11001009810,0,0.25,0.125,0.75,0,8,DC,8.39318246575342,3242.553699788584,357,29,46.4,560,111,2,0,0,0,0,0,0,0,0,0.47560863400000003,0.145183006,0.07032135333333334,0.718983038,"Census Tract 98.10, District of Columbia, District of Columbia",37.1,0,2840,0,0,30.328181818181818
11001009811,0,0.33333333333333337,0,0.6666666666666666,0,15,DC,8.39196493150685,3609.733227866889,646,52,45.2,646,31,0,0,0,0,0,0,0,0,0,0.27606738384615387,0.12784603846153847,0.07124241076923077,0.5141781015384616,"Census Tract 98.11, District of Columbia, District of Columbia",35.6,0,5069,0,0.3,21.015
11001009901,0,0.20000000000000004,0.06666666666666668,0.6666666666666666,0,15,DC,8.58227589041096,3578.8406463083106,173,0,37.1,567,35,17,0,0,0,0,0,1,1,4,0.4986946969767442,0.08643918534883721,0.038248913023255816,0.560808743255814,"Census Tract 99.01, District of Columbia, District of Columbia",6.3,125,2484,186,1.9,43.35325
11001009902,0,0.1111111111111111,0,0.8888888888888888,0,18,DC,8.53842493150685,3513.777824741389,149,0,36.7,937,37,32,0,0,0,0,0,0,0,0,0.3567784628571429,0.145344595,0.06292894321428572,0.6014427342857143,"Census Tract 99.02, District of Columbia, District of Columbia",10.2,59,3029,11,0.1,33.254137931034485
11001009903,0,0,0,0.875,0,8,DC,8.50463232876712,3532.0572278209966,255,26,37.3,455,105,0,0,0,1,0,0,0,0,0,0.5407459776923077,0.10914525384615385,0.07326223384615385,0.8552683423076923,"Census Tract 99.03, District of Columbia, District of Columbia",10.5,99,1749,0,0.4,17.832272727272727
11001009904,0,0,0.2727272727272727,1,0,11,DC,8.53629589041096,3455.0024820386384,356,15,35.3,546,114,0,0,0,0,0,0,1,1,1,0.7301356875,0.212112156,0.067518706,1.0817373285,"Census Tract 99.04, District of Columbia, District of Columbia",37.3,53,2519,0,16.5,24.563333333333333
11001009905,0,0.25,0,0.75,0,4,DC,8.50901397260274,3320.401992236109,230,0,32.5,683,51,0,0,0,1,0,0,0,0,0,0.6558670693103448,0.1969169272413793,0.07208364448275863,1.0064955893103449,"Census Tract 99.05, District of Columbia, District of Columbia",28.2,129,2705,0,4.4,29.05888888888889
11001009906,0,0,0.3,0.8,0,10,DC,8.55957287671233,5474.598500881834,189,0,31,357,25,0,0,0,0,0,0,1,1,1,0.6115688733333333,0.08120620111111111,0.07217276111111111,0.887723361111111,"Census Tract 99.06, District of Columbia, District of Columbia",22.2,22,1562,8,2,24.58727272727273
11001009907,0,0.06666666666666668,0,0.8666666666666667,0,15,DC,8.55972273972603,3400.088585619791,671,44,32.7,423,22,4,0,0,0,0,0,0,0,0,0.45489881583333336,0.124737865,0.06370808666666666,0.7075490283333333,"Census Tract 99.07, District of Columbia, District of Columbia",29.9,0,2761,0,0,33.41083333333333
11001010100,3,0.2894736842105263,0.3684210526315789,0.7368421052631579,0,36,DC,8.63694082191781,9528.545728973726,366,928,21.4,216,21,88,0.04999999999999999,0.19999999999999996,4,10,0,2,2,2,0.8536597191891891,0.012831280270270267,0.06896639216216216,1.2534276472972974,"Census Tract 101, District of Columbia, District of Columbia",27.6,1966,363,388,9.7,11.093714285714286
11001010201,1,0.125,0.25,0.75,0,8,DC,8.59120684931507,7813.539052287581,680,237,25.7,488,52,16,0,0.5,2,0,0,0,0,0,0.465198532,0.00425532,0.073240928,0.217539016,0,0,0,0,0,0,25.078333333333333
11001010202,2,0.19354838709677416,0.12903225806451618,0.6451612903225806,0,27,DC,8.59120684931507,13424.677395171871,271,251,24,374,27,55,0.17241379310344823,0.10344827586206898,5,16,5,11,11,11,0.7108616310769231,0.004708884307692307,0.04237173615384615,0.6775905967692307,0,0,0,0,0,0,12.538235294117646
11001010300,0,0.05263157894736842,0.21052631578947367,0.9473684210526315,0,18,DC,8.64293287671233,4347.587746239328,723,121,40.1,1083,105,55,0,0,0,0,0,47,47,47,0.5828545617777777,0.21692109333333334,0.06520082622222222,0.9167080948888889,"Census Tract 103, District of Columbia, District of Columbia",7.4,754,2029,68,28.8,33.42972972972973
11001010400,0,0.022222222222222223,0.15555555555555556,0.8,0,45,DC,8.48568191780822,6892.361455804358,891,0,34.9,947,89,40,0,0,2,0,0,4,4,4,0.4933229417647059,0.08356980897058823,0.037841690735294115,0.2917572427941177,"Census Tract 104, District of Columbia, District of Columbia",15.6,363,4171,0,3.6,26.7276
11001010500,3,0.08333333333333331,0.41666666666666663,0.8333333333333333,0,12,DC,8.59476410958904,16909.64381297039,873,377,27.7,440,198,12,0,0,2,4,0,0,0,0,0.7547741085,0.03161190575,0.0344508715,0.5585298372499999,"Census Tract 105, District of Columbia, District of Columbia",9.8,1594,1488,198,7.4,13.10625
11001010601,1,0.33333333333333337,0.16666666666666669,0.5,0,6,DC,8.6471498630137,8958.835882266023,403,416,26.7,308,34,4,0,1,0,4,0,0,0,0,0.60878889,0.155759055,0.05567874,0.927139783,0,0,0,0,0,0,11.72888888888889
11001010602,0,0.049999999999999996,0.15,0.85,0,20,DC,8.6471498630137,4116.181210765465,943,655,27.6,852,141,93,0,0.016129032258064526,5,0,0,22,22,22,0.7372560614634146,0.2612485124390244,0.07345868073170732,1.111396225609756,0,0,0,0,0,0,16.346666666666668
11001010603,1,0.36363636363636365,0.3636363636363636,0.5454545454545454,0,11,DC,8.6471498630137,6788.245024439643,700,359,31.4,322,13,21,0,0.5454545454545454,0,45,0,0,0,0,0.6459403129166666,0.18871463083333334,0.0723368075,0.9601288258333334,0,0,0,0,0,0,3.820666666666667
11001010700,4,0.06382978723404256,0.5957446808510638,0.9148936170212766,0,47,DC,8.6379695890411,6248.9187222372575,477,266,24.5,153,10,62,0.11111111111111108,0.13333333333333336,1,13,0,4,4,4,0.7874807319642857,0.028159238392857142,0.06660810232142857,1.1512126971428571,"Census Tract 107, District of Columbia, District of Columbia",0,1310,123,179,14.2,10.581818181818182
11001010800,0,0.03846153846153848,0.3076923076923077,0.8076923076923077,0,26,DC,8.61856410958904,9755.805911357054,306,1108,16.4,107,50,49,0.16666666666666669,0.7916666666666667,1,0,0,8,8,8,0.7126978319047619,0.016704530714285713,0.061203266666666666,0.9256686192857143,"Census Tract 108, District of Columbia, District of Columbia",45.1,4555,801,781,8.2,18.569285714285716
11001010900,0,0.2777777777777778,0.05555555555555554,0.16666666666666666,0,17,DC,8.35712273972603,16099.23906908133,373,175,32.2,499,170,0,0,0,0,0,0,0,0,0,0.26720735346938773,0.03213995122448979,0.021049349183673474,-0.5295122893877551,"Census Tract 109, District of Columbia, District of Columbia",39.5,23,3930,14,1.8,23.332
11001011001,0,0.125,0,0.75,0,8,DC,8.56252547945205,3222.681808278867,422,172,25.4,666,50,11,0,0.6666666666666666,0,0,0,6,6,6,0.5002102366666666,0.100197305,0.07554087500000001,0.80678554,0,0,0,0,0,0,29.865000000000002
11001011002,0,0,0,1,0,1,DC,8.56252547945205,4698.494264705882,233,140,23.4,229,8,12,0,0.33333333333333337,1,0,0,4,4,4,0.36559830909090907,0.021052407727272727,0.035749222727272725,-0.3088617954545455,0,0,0,0,0,0,30.7
11001011100,0,0.1176470588235294,0.15686274509803927,0.7254901960784313,0,51,DC,8.63396630136986,4009.507779827394,384,18,34.4,984,184,1,0,0,1,0,0,42,42,42,0.42121144395348836,0.12080534527131782,0.05207668426356589,0.6219955317829458,"Census Tract 111, District of Columbia, District of Columbia",11.9,640,4633,47,8.5,28.023037037037035
11001980000,6,0.13750000000000004,0.125,0.7375,0,80,DC,8.59491260273973,13396.582473536197,5,0,0,12,0,75,0.12195121951219509,0.2682926829268291,2,20,0,107,107,107,0.5901491767063493,0.017261073055555545,0.039918689404761905,0.5037432717857143,0,0,0,0,0,0,27.680353535353536
